label,name,latitude,longitude,bbox_size_meters,zone_type,note,file_name,image_path,local_image_path,source_image_path,source_api,source_layer,source_date,request_bbox_meters,request_params,visual_density_class,label_index,built_ratio,mean_red,mean_green,mean_blue,brightness,contrast,vegetation_index,water_index,built_up_proxy,texture,grayness,split
baixa,sahara,23.4162,25.6628,9000,deserto,Area desertica sem ocupacao urbana relevante.,sahara_2025-05-01.png,C:\repositorio\Fiap\space_urban_density_acv\data\raw_images\sahara_2025-05-01.png,data\raw_images\sahara_2025-05-01.png,ArcGIS World Imagery,ArcGIS World Imagery,World_Imagery,2025-05-01,9000,"{""bbox"": ""25.618747973454195,23.375775997125405,25.706852026545807,23.456624002874594"", ""bboxSR"": 4326, ""imageSR"": 4326, ""size"": ""1024,1024"", ""format"": ""png"", ""f"": ""image""}",baixa,0,0.14130577273906966,158.112548828125,139.936279296875,100.907958984375,132.985595703125,25.775737762451172,-0.06098420062573483,-0.2208496552054898,-0.03869422726093033,17.06151008605957,0.8205425900866873,train
baixa,chapada_diamantina,-12.5564,-41.3924,9000,area_natural,Paisagem natural predominante.,chapada_diamantina_2025-05-01.png,C:\repositorio\Fiap\space_urban_density_acv\data\raw_images\chapada_diamantina_2025-05-01.png,data\raw_images\chapada_diamantina_2025-05-01.png,ArcGIS World Imagery,ArcGIS World Imagery,World_Imagery,2025-05-01,9000,"{""bbox"": ""-41.4338145359315,-12.596824002874596,-41.3509854640685,-12.515975997125404"", ""bboxSR"": 4326, ""imageSR"": 4326, ""size"": ""1024,1024"", ""format"": ""png"", ""f"": ""image""}",baixa,0,0.07321548363762496,71.241943359375,83.90283203125,64.183349609375,73.109375,28.401275634765625,0.0816069290066728,-0.052121679744917264,-0.10678451636237503,12.402270317077637,0.8884134694179295,train
alta,chicago_loop,41.8789,-87.6359,2500,centro_vertical,Centro urbano com forte presenca construida.,chicago_loop_2025-05-01.png,C:\repositorio\Fiap\space_urban_density_acv\data\raw_images\chicago_loop_2025-05-01.png,data\raw_images\chicago_loop_2025-05-01.png,ArcGIS World Imagery,ArcGIS World Imagery,World_Imagery,2025-05-01,2500,"{""bbox"": ""-87.65098129415301,41.867671110312614,-87.620818705847,41.89012888968739"", ""bboxSR"": 4326, ""imageSR"": 4326, ""size"": ""1024,1024"", ""format"": ""png"", ""f"": ""image""}",alta,2,0.8087366088659061,124.835693359375,123.825439453125,107.7998046875,118.8203125,38.1573486328125,-0.004062773682331538,-0.07322996195408685,-0.03126339113409381,44.22341537475586,0.9343245086459351,train
media,lyon,45.764,4.8357,7000,urbano_misto,Centro urbano europeu intermediario.,lyon_2025-05-01.png,C:\repositorio\Fiap\space_urban_density_acv\data\raw_images\lyon_2025-05-01.png,data\raw_images\lyon_2025-05-01.png,ArcGIS World Imagery,ArcGIS World Imagery,World_Imagery,2025-05-01,7000,"{""bbox"": ""4.7906309110443654,45.732559108875314,4.880769088955635,45.79544089112469"", ""bboxSR"": 4326, ""imageSR"": 4326, ""size"": ""1024,1024"", ""format"": ""png"", ""f"": ""image""}",media,1,0.4416868274742798,89.896728515625,98.522705078125,78.527587890625,88.98233795166016,18.970699310302734,0.04578071591405273,-0.06750296433979219,-0.07831317252572025,17.330217361450195,0.9079756813806843,train
alta,mumbai_colaba,18.9067,72.8147,3000,centro_metropolitano,Ocupacao urbana intensa.,mumbai_colaba_2025-05-01.png,C:\repositorio\Fiap\space_urban_density_acv\data\raw_images\mumbai_colaba_2025-05-01.png,data\raw_images\mumbai_colaba_2025-05-01.png,ArcGIS World Imagery,ArcGIS World Imagery,World_Imagery,2025-05-01,3000,"{""bbox"": ""72.80045688008333,18.893225332375135,72.82894311991667,18.920174667624867"", ""bboxSR"": 4326, ""imageSR"": 4326, ""size"": ""1024,1024"", ""format"": ""png"", ""f"": ""image""}",alta,2,0.7648526618782905,78.064697265625,93.842041015625,83.383056640625,85.09659576416016,14.920500755310059,0.09177850680448318,0.03294167460365453,-0.07514733812170951,11.026348114013672,0.9229810818662513,train
baixa,amazonas_forest,-3.4653,-62.2159,9000,floresta,Cobertura vegetal dominante.,amazonas_forest_2025-05-01.png,C:\repositorio\Fiap\space_urban_density_acv\data\raw_images\amazonas_forest_2025-05-01.png,data\raw_images\amazonas_forest_2025-05-01.png,ArcGIS World Imagery,ArcGIS World Imagery,World_Imagery,2025-05-01,9000,"{""bbox"": ""-62.256398049989116,-3.505724002874596,-62.17540195001088,-3.424875997125404"", ""bboxSR"": 4326, ""imageSR"": 4326, ""size"": ""1024,1024"", ""format"": ""png"", ""f"": ""image""}",baixa,0,0.0,42.42138671875,65.966796875,39.863037109375,49.41707229614258,1.958018183708191,0.21723226068930432,-0.031091541874412872,-0.2317693463923982,1.35208261013031,0.7622494245044806,train
alta,dubai_marina,25.08,55.14,2500,centro_vertical,Concentracao vertical costeira.,dubai_marina_2025-05-01.png,C:\repositorio\Fiap\space_urban_density_acv\data\raw_images\dubai_marina_2025-05-01.png,data\raw_images\dubai_marina_2025-05-01.png,ArcGIS World Imagery,ArcGIS World Imagery,World_Imagery,2025-05-01,2500,"{""bbox"": ""55.1276022069238,25.06877111031261,55.152397793076204,25.091228889687386"", ""bboxSR"": 4326, ""imageSR"": 4326, ""size"": ""1024,1024"", ""format"": ""png"", ""f"": ""image""}",alta,2,0.7773987215476664,78.45166015625,83.28857421875,68.498291015625,76.74617767333984,50.739463806152344,0.02990544734210291,-0.06773305510191051,-0.0626012784523335,43.68739318847656,0.9197698116049313,train
alta,paris_ladefense,48.8919,2.237,2500,centro_empresarial,Regiao empresarial muito construida.,paris_ladefense_2025-05-01.png,C:\repositorio\Fiap\space_urban_density_acv\data\raw_images\paris_ladefense_2025-05-01.png,data\raw_images\paris_ladefense_2025-05-01.png,ArcGIS World Imagery,ArcGIS World Imagery,World_Imagery,2025-05-01,2500,"{""bbox"": ""2.219921367298623,48.88067111031261,2.2540786327013773,48.90312888968739"", ""bboxSR"": 4326, ""imageSR"": 4326, ""size"": ""1024,1024"", ""format"": ""png"", ""f"": ""image""}",alta,2,0.7632350710069098,84.18408203125,94.173095703125,77.306884765625,85.22135162353516,24.45876693725586,0.05600567242766899,-0.042585646749203954,-0.07676492899309019,24.18889808654785,0.9187462288205143,train
media,montreal,45.5017,-73.5673,7000,urbano_misto,Malha urbana consolidada com densidade moderada.,montreal_2025-05-01.png,C:\repositorio\Fiap\space_urban_density_acv\data\raw_images\montreal_2025-05-01.png,data\raw_images\montreal_2025-05-01.png,ArcGIS World Imagery,ArcGIS World Imagery,World_Imagery,2025-05-01,7000,"{""bbox"": ""-73.61215864585344,45.47025910887531,-73.52244135414657,45.53314089112469"", ""bboxSR"": 4326, ""imageSR"": 4326, ""size"": ""1024,1024"", ""format"": ""png"", ""f"": ""image""}",media,1,0.455769244114454,81.41015625,86.126953125,70.05126953125,79.19612884521484,36.45353698730469,0.02815374392165743,-0.07499524489096819,-0.06423075588554601,21.916122436523438,0.9148062337855748,train
baixa,serengeti,-2.3333,34.8333,9000,area_natural,Paisagem natural aberta.,serengeti_2025-05-01.png,C:\repositorio\Fiap\space_urban_density_acv\data\raw_images\serengeti_2025-05-01.png,data\raw_images\serengeti_2025-05-01.png,ArcGIS World Imagery,ArcGIS World Imagery,World_Imagery,2025-05-01,9000,"{""bbox"": ""34.792842453853815,-2.373724002874596,34.87375754614619,-2.292875997125404"", ""bboxSR"": 4326, ""imageSR"": 4326, ""size"": ""1024,1024"", ""format"": ""png"", ""f"": ""image""}",baixa,0,0.1399013123715409,102.4599609375,92.83642578125,68.896484375,88.06429290771484,9.517020225524902,-0.04927656531411545,-0.19586935582920229,-0.0400986876284591,6.3596391677856445,0.8397577634578056,train
media,brasilia_eixo,-15.7939,-47.8828,8000,urbano_planejado,Area planejada de densidade intermediaria.,brasilia_eixo_2025-05-01.png,C:\repositorio\Fiap\space_urban_density_acv\data\raw_images\brasilia_eixo_2025-05-01.png,data\raw_images\brasilia_eixo_2025-05-01.png,ArcGIS World Imagery,ArcGIS World Imagery,World_Imagery,2025-05-01,8000,"{""bbox"": ""-47.920142229053816,-15.82983244699964,-47.84545777094619,-15.757967553000361"", ""bboxSR"": 4326, ""imageSR"": 4326, ""size"": ""1024,1024"", ""format"": ""png"", ""f"": ""image""}",media,1,0.4623499757107955,90.534423828125,87.4326171875,65.267822265625,81.07828521728516,29.875370025634766,-0.01742910722541248,-0.1621709711789056,-0.05765002428920452,20.271190643310547,0.8612307206476865,train
media,sao_paulo_centro_amplo,-23.5505,-46.6333,7000,urbano_misto,"Area urbana ampla com vias, construcoes e vegetacao.",sao_paulo_centro_amplo_2025-05-01.png,C:\repositorio\Fiap\space_urban_density_acv\data\raw_images\sao_paulo_centro_amplo_2025-05-01.png,data\raw_images\sao_paulo_centro_amplo_2025-05-01.png,ArcGIS World Imagery,ArcGIS World Imagery,World_Imagery,2025-05-01,7000,"{""bbox"": ""-46.66759759755646,-23.581940891124685,-46.59900240244354,-23.519059108875314"", ""bboxSR"": 4326, ""imageSR"": 4326, ""size"": ""1024,1024"", ""format"": ""png"", ""f"": ""image""}",media,1,0.47493286162381465,96.444091796875,95.196533203125,77.528076171875,89.722900390625,19.42485237121582,-0.006509885853716565,-0.1087301253112539,-0.04506713837618534,20.610891342163086,0.9037250146348557,train
alta,new_york_midtown,40.758,-73.9855,2500,centro_vertical,Centro urbano vertical e muito adensado.,new_york_midtown_2025-05-01.png,C:\repositorio\Fiap\space_urban_density_acv\data\raw_images\new_york_midtown_2025-05-01.png,data\raw_images\new_york_midtown_2025-05-01.png,ArcGIS World Imagery,ArcGIS World Imagery,World_Imagery,2025-05-01,2500,"{""bbox"": ""-74.00032412880194,40.746771110312615,-73.97067587119807,40.76922888968739"", ""bboxSR"": 4326, ""imageSR"": 4326, ""size"": ""1024,1024"", ""format"": ""png"", ""f"": ""image""}",alta,2,0.776023262576526,89.1943359375,97.616943359375,82.560791015625,89.79068756103516,32.373565673828125,0.04508618244639917,-0.03862210717761683,-0.06397673742347393,34.801612854003906,0.9313837952895426,train
media,goiania,-16.6869,-49.2648,7000,urbano_misto,Padrao intermediario entre ocupacao e vegetacao.,goiania_2025-05-01.png,C:\repositorio\Fiap\space_urban_density_acv\data\raw_images\goiania_2025-05-01.png,data\raw_images\goiania_2025-05-01.png,ArcGIS World Imagery,ArcGIS World Imagery,World_Imagery,2025-05-01,7000,"{""bbox"": ""-49.29762313328844,-16.718340891124686,-49.23197686671156,-16.655459108875316"", ""bboxSR"": 4326, ""imageSR"": 4326, ""size"": ""1024,1024"", ""format"": ""png"", ""f"": ""image""}",media,1,0.48981429641162944,100.26708984375,94.808837890625,78.238525390625,91.10482025146484,17.590200424194336,-0.02798014094428618,-0.12340544258491697,-0.03018570358837059,19.035675048828125,0.8971870191520528,train
alta,seoul_gangnam,37.4979,127.0276,2500,centro_metropolitano,Distrito urbano consolidado.,seoul_gangnam_2025-05-01.png,C:\repositorio\Fiap\space_urban_density_acv\data\raw_images\seoul_gangnam_2025-05-01.png,data\raw_images\seoul_gangnam_2025-05-01.png,ArcGIS World Imagery,ArcGIS World Imagery,World_Imagery,2025-05-01,2500,"{""bbox"": ""127.01344669234724,37.486671110312614,127.04175330765277,37.50912888968739"", ""bboxSR"": 4326, ""imageSR"": 4326, ""size"": ""1024,1024"", ""format"": ""png"", ""f"": ""image""}",alta,2,0.7963514432337675,85.970458984375,87.6904296875,74.740478515625,82.80045318603516,25.534975051879883,0.009904191532013698,-0.06987688979196721,-0.04364855676623248,32.04152297973633,0.9306482394931699,train
media,lisbon,38.7223,-9.1393,7000,urbano_misto,Area urbana com relevo e espacos abertos.,lisbon_2025-05-01.png,C:\repositorio\Fiap\space_urban_density_acv\data\raw_images\lisbon_2025-05-01.png,data\raw_images\lisbon_2025-05-01.png,ArcGIS World Imagery,ArcGIS World Imagery,World_Imagery,2025-05-01,7000,"{""bbox"": ""-9.179599173382952,38.69085910887531,-9.099000826617049,38.753740891124686"", ""bboxSR"": 4326, ""imageSR"": 4326, ""size"": ""1024,1024"", ""format"": ""png"", ""f"": ""image""}",media,1,0.44258625179816513,80.78271484375,89.89697265625,73.17431640625,81.28466796875,43.65843200683594,0.05339978028707137,-0.04941897343195106,-0.07741374820183486,17.07259178161621,0.9158978407165225,train
alta,santiago_centro,-33.4489,-70.6693,2500,centro_metropolitano,Centro urbano consolidado.,santiago_centro_2025-05-01.png,C:\repositorio\Fiap\space_urban_density_acv\data\raw_images\santiago_centro_2025-05-01.png,data\raw_images\santiago_centro_2025-05-01.png,ArcGIS World Imagery,ArcGIS World Imagery,World_Imagery,2025-05-01,2500,"{""bbox"": ""-70.68275780108117,-33.46012888968739,-70.65584219891885,-33.437671110312614"", ""bboxSR"": 4326, ""imageSR"": 4326, ""size"": ""1024,1024"", ""format"": ""png"", ""f"": ""image""}",alta,2,0.8065551696911941,105.2646484375,103.583984375,88.494384765625,99.11434173583984,28.071989059448242,-0.008047283047949817,-0.08655216427214812,-0.033444830308805885,32.37560272216797,0.92391896221865,train
baixa,andes_rural,-13.1631,-72.545,9000,rural_montanhoso,Regiao montanhosa de baixa ocupacao.,andes_rural_2025-05-01.png,C:\repositorio\Fiap\space_urban_density_acv\data\raw_images\andes_rural_2025-05-01.png,data\raw_images\andes_rural_2025-05-01.png,ArcGIS World Imagery,ArcGIS World Imagery,World_Imagery,2025-05-01,9000,"{""bbox"": ""-72.58651477174473,-13.203524002874596,-72.50348522825527,-13.122675997125404"", ""bboxSR"": 4326, ""imageSR"": 4326, ""size"": ""1024,1024"", ""format"": ""png"", ""f"": ""image""}",baixa,0,0.056313060001582316,48.237060546875,54.88330078125,37.364990234375,46.82844924926758,21.575693130493164,0.06445128923261244,-0.1270071243855213,-0.12368693999841768,16.04913330078125,0.8458021420063948,train
media,curitiba,-25.4284,-49.2733,7000,urbano_arborizado,Capital com malha urbana e areas verdes.,curitiba_2025-05-01.png,C:\repositorio\Fiap\space_urban_density_acv\data\raw_images\curitiba_2025-05-01.png,data\raw_images\curitiba_2025-05-01.png,ArcGIS World Imagery,ArcGIS World Imagery,World_Imagery,2025-05-01,7000,"{""bbox"": ""-49.30811353712659,-25.459840891124685,-49.23848646287341,-25.396959108875315"", ""bboxSR"": 4326, ""imageSR"": 4326, ""size"": ""1024,1024"", ""format"": ""png"", ""f"": ""image""}",media,1,0.4897908533704433,108.043701171875,106.064697265625,91.64501953125,101.91780853271484,18.834049224853516,-0.00924299990378592,-0.08212122137926621,-0.03020914662955669,20.746009826660156,0.9282878113796488,train
baixa,alaska_forest,61.2181,-149.9003,9000,floresta,Predominio natural.,alaska_forest_2025-05-01.png,C:\repositorio\Fiap\space_urban_density_acv\data\raw_images\alaska_forest_2025-05-01.png,data\raw_images\alaska_forest_2025-05-01.png,ArcGIS World Imagery,ArcGIS World Imagery,World_Imagery,2025-05-01,9000,"{""bbox"": ""-149.98425835714514,61.177675997125405,-149.81634164285484,61.258524002874594"", ""bboxSR"": 4326, ""imageSR"": 4326, ""size"": ""1024,1024"", ""format"": ""png"", ""f"": ""image""}",baixa,0,0.1405120471731911,90.4775390625,89.865966796875,75.59912109375,85.314208984375,19.128616333007812,-0.003391152138674565,-0.0895876515932826,-0.03948795282680889,12.069690704345703,0.9194256120383111,train
baixa,manaus_periferia_verde,-3.1019,-60.025,9000,urbano_esparso,Predominio de vegetacao e ocupacao espalhada.,manaus_periferia_verde_2025-05-01.png,C:\repositorio\Fiap\space_urban_density_acv\data\raw_images\manaus_periferia_verde_2025-05-01.png,data\raw_images\manaus_periferia_verde_2025-05-01.png,ArcGIS World Imagery,ArcGIS World Imagery,World_Imagery,2025-05-01,9000,"{""bbox"": ""-60.06548331593392,-3.142324002874596,-59.98451668406608,-3.061475997125404"", ""bboxSR"": 4326, ""imageSR"": 4326, ""size"": ""1024,1024"", ""format"": ""png"", ""f"": ""image""}",baixa,0,0.14591825129191083,95.93408203125,96.2255859375,83.831298828125,91.99698638916016,39.360355377197266,0.0015169879783630557,-0.0673254391062058,-0.03408174870808915,23.682941436767578,0.9372235837887388,train
alta,hong_kong_central,22.2819,114.1589,2500,centro_vertical,Alta concentracao de edificios e infraestrutura.,hong_kong_central_2025-05-01.png,C:\repositorio\Fiap\space_urban_density_acv\data\raw_images\hong_kong_central_2025-05-01.png,data\raw_images\hong_kong_central_2025-05-01.png,ArcGIS World Imagery,ArcGIS World Imagery,World_Imagery,2025-05-01,2500,"{""bbox"": ""114.1467649830666,22.270671110312612,114.1710350169334,22.293128889687388"", ""bboxSR"": 4326, ""imageSR"": 4326, ""size"": ""1024,1024"", ""format"": ""png"", ""f"": ""image""}",alta,2,0.7728098098266158,81.26220703125,96.01806640625,86.5927734375,87.95767974853516,19.14658546447754,0.08323463794390987,0.03175697492589346,-0.06719019017338407,13.770058631896973,0.9306384778908847,train
baixa,mongolia_steppe,47.8864,106.9057,9000,area_natural,Estepe com ocupacao rarefeita.,mongolia_steppe_2025-05-01.png,C:\repositorio\Fiap\space_urban_density_acv\data\raw_images\mongolia_steppe_2025-05-01.png,data\raw_images\mongolia_steppe_2025-05-01.png,ArcGIS World Imagery,ArcGIS World Imagery,World_Imagery,2025-05-01,9000,"{""bbox"": ""106.84541989416508,47.84597599712541,106.96598010583492,47.926824002874596"", ""bboxSR"": 4326, ""imageSR"": 4326, ""size"": ""1024,1024"", ""format"": ""png"", ""f"": ""image""}",baixa,0,0.12170843799853352,100.1220703125,102.909423828125,83.0234375,95.35164642333984,26.525407791137695,0.013728675579548846,-0.0933609184074095,-0.05829156200146647,14.607158660888672,0.9078011160301422,train
media,austin,30.2672,-97.7431,8000,suburbano,Cidade espalhada com densidade moderada.,austin_2025-05-01.png,C:\repositorio\Fiap\space_urban_density_acv\data\raw_images\austin_2025-05-01.png,data\raw_images\austin_2025-05-01.png,ArcGIS World Imagery,ArcGIS World Imagery,World_Imagery,2025-05-01,8000,"{""bbox"": ""-97.78470368516892,30.231267553000357,-97.70149631483108,30.30313244699964"", ""bboxSR"": 4326, ""imageSR"": 4326, ""size"": ""1024,1024"", ""format"": ""png"", ""f"": ""image""}",media,1,0.4940274839447101,128.95068359375,126.033935546875,110.35498046875,121.77986907958984,11.249242782592773,-0.01143891759664144,-0.07770690759482504,-0.02597251605528993,11.603911399841309,0.9329454077826462,train
media,orlando_suburb,28.5383,-81.3792,8000,suburbano,Suburbio urbano misto.,orlando_suburb_2025-05-01.png,C:\repositorio\Fiap\space_urban_density_acv\data\raw_images\orlando_suburb_2025-05-01.png,data\raw_images\orlando_suburb_2025-05-01.png,ArcGIS World Imagery,ArcGIS World Imagery,World_Imagery,2025-05-01,8000,"{""bbox"": ""-81.42010214077908,28.502367553000358,-81.33829785922092,28.57423244699964"", ""bboxSR"": 4326, ""imageSR"": 4326, ""size"": ""1024,1024"", ""format"": ""png"", ""f"": ""image""}",media,1,0.481944147486734,130.15771484375,129.673095703125,110.1728515625,123.33455657958984,41.79866027832031,-0.0018651334673757656,-0.08315572829232394,-0.038055852513266014,29.908649444580078,0.9245237343738211,train
baixa,canadian_rockies,51.4968,-115.9281,9000,area_natural,Area montanhosa natural.,canadian_rockies_2025-05-01.png,C:\repositorio\Fiap\space_urban_density_acv\data\raw_images\canadian_rockies_2025-05-01.png,data\raw_images\canadian_rockies_2025-05-01.png,ArcGIS World Imagery,ArcGIS World Imagery,World_Imagery,2025-05-01,9000,"{""bbox"": ""-115.9930320713719,51.456375997125406,-115.8631679286281,51.537224002874595"", ""bboxSR"": 4326, ""imageSR"": 4326, ""size"": ""1024,1024"", ""format"": ""png"", ""f"": ""image""}",baixa,0,0.1577327756370448,145.0908203125,141.2353515625,125.07421875,137.1334686279297,55.421382904052734,-0.013465303309920651,-0.07409027323157255,-0.0222672243629552,27.55585289001465,0.9367679934580111,train
media,belo_horizonte,-19.9167,-43.9345,7000,urbano_misto,"Ocupacao urbana relevante, mas nao extrema.",belo_horizonte_2025-05-01.png,C:\repositorio\Fiap\space_urban_density_acv\data\raw_images\belo_horizonte_2025-05-01.png,data\raw_images\belo_horizonte_2025-05-01.png,ArcGIS World Imagery,ArcGIS World Imagery,World_Imagery,2025-05-01,7000,"{""bbox"": ""-43.96794103712093,-19.948140891124684,-43.90105896287907,-19.885259108875314"", ""bboxSR"": 4326, ""imageSR"": 4326, ""size"": ""1024,1024"", ""format"": ""png"", ""f"": ""image""}",media,1,0.49888144885472624,103.579833984375,96.287353515625,81.029296875,93.63216400146484,21.108196258544922,-0.03648663174581938,-0.1221528805383479,-0.021118551145273768,19.232303619384766,0.8996529028925065,train
alta,sao_paulo_paulista,-23.5614,-46.6559,2500,centro_metropolitano,Trecho denso da Avenida Paulista.,sao_paulo_paulista_2025-05-01.png,C:\repositorio\Fiap\space_urban_density_acv\data\raw_images\sao_paulo_paulista_2025-05-01.png,data\raw_images\sao_paulo_paulista_2025-05-01.png,ArcGIS World Imagery,ArcGIS World Imagery,World_Imagery,2025-05-01,2500,"{""bbox"": ""-46.66815015797142,-23.572628889687387,-46.64364984202859,-23.55017111031261"", ""bboxSR"": 4326, ""imageSR"": 4326, ""size"": ""1024,1024"", ""format"": ""png"", ""f"": ""image""}",alta,2,0.7828447872593542,78.936767578125,80.27294921875,64.249267578125,74.486328125,25.00760841369629,0.008392588514216244,-0.10257634400552178,-0.05715521274064568,32.505184173583984,0.9025429271253733,train
baixa,yellowstone,44.428,-110.5885,9000,parque_natural,Parque natural com baixissima ocupacao.,yellowstone_2025-05-01.png,C:\repositorio\Fiap\space_urban_density_acv\data\raw_images\yellowstone_2025-05-01.png,data\raw_images\yellowstone_2025-05-01.png,ArcGIS World Imagery,ArcGIS World Imagery,World_Imagery,2025-05-01,9000,"{""bbox"": ""-110.64510589066987,44.3875759971254,-110.53189410933012,44.46842400287459"", ""bboxSR"": 4326, ""imageSR"": 4326, ""size"": ""1024,1024"", ""format"": ""png"", ""f"": ""image""}",baixa,0,0.033683963401823336,46.582763671875,57.51611328125,39.083984375,47.72761917114258,17.532358169555664,0.1050285068228731,-0.08753430551485959,-0.14631603659817666,7.859299659729004,0.8414271361044865,train
alta,singapore_downtown,1.2834,103.8607,2500,centro_vertical,Centro urbano de alta densidade.,singapore_downtown_2025-05-01.png,C:\repositorio\Fiap\space_urban_density_acv\data\raw_images\singapore_downtown_2025-05-01.png,data\raw_images\singapore_downtown_2025-05-01.png,ArcGIS World Imagery,ArcGIS World Imagery,World_Imagery,2025-05-01,2500,"{""bbox"": ""103.8494682927315,1.2721711103126123,103.87193170726849,1.2946288896873879"", ""bboxSR"": 4326, ""imageSR"": 4326, ""size"": ""1024,1024"", ""format"": ""png"", ""f"": ""image""}",alta,2,0.7485684950125824,88.302978515625,99.13720703125,76.751708984375,88.06396484375,35.14236068725586,0.0578009911985366,-0.06998449850477681,-0.09143150498741763,28.07532501220703,0.8962072175848047,train
alta,tokyo_shinjuku,35.6938,139.7034,2500,centro_metropolitano,Zona metropolitana compacta.,tokyo_shinjuku_2025-05-01.png,C:\repositorio\Fiap\space_urban_density_acv\data\raw_images\tokyo_shinjuku_2025-05-01.png,data\raw_images\tokyo_shinjuku_2025-05-01.png,ArcGIS World Imagery,ArcGIS World Imagery,World_Imagery,2025-05-01,2500,"{""bbox"": ""139.6895738154714,35.682571110312615,139.71722618452858,35.70502888968739"", ""bboxSR"": 4326, ""imageSR"": 4326, ""size"": ""1024,1024"", ""format"": ""png"", ""f"": ""image""}",alta,2,0.8045228336355399,89.680419921875,91.34521484375,80.491455078125,87.17236328125,28.378087997436523,0.009196459517672485,-0.053998140663432295,-0.03547716636446005,32.65501403808594,0.9452492179460598,train
